first_name,last_name,email,company,phone,industry,website,tier
,,patrickwilliams@allsouthroofs.com,All South Professional Roofing,(813) 727-1640,Roofing,https://www.allsouthroofs.com/,direct
,,amenroofinggutters@gmail.com,Amen Roofing & Gutters,(727) 272-1077,Roofing,https://amenroofing.com/,direct
,,cndc.trustedroofingllc@gmail.com,C&C Trusted Roofing LLC,(352) 806-5161,Roofing,https://cctrustedroofing.com/,direct
,,carapezzaconstruction@gmail.com,Carapezza Construction & Roofing Company Inc.,(813) 707-0235,Roofing,https://carapezzaconstruction.com/,direct
,,compasshvac@aol.com,"Compass Heating & AC, Inc.",(865) 524-7237,,https://www.compasshvac.com/,direct
,,dunedinroofinginc@gmail.com,Dunedin Roofing Inc.,(727) 240-9489,Roofing,https://dunedinroofingcontractors.com/,direct
,,fasttrackroofingfl@gmail.com,Fast Track Roofing,(813) 606-5256,Roofing,https://fasttrackroofingfl.com/,direct
,,kontosroofing@gmail.com,George Kontos Roofing Inc,(727) 934-9451,Roofing,https://kontosroofing.com/,direct
,,dhoffmanapollo@gmail.com,HOFFMAN ROOFING INC,(813) 966-1688,Roofing,https://hoffmanroofs.com/,direct
,,jrjbroofing@aol.com,JRJB Roofing Contractors Inc,(813) 996-7663,Roofing,https://jrjbroofing.org/,direct
,,jay@jaysraleighhvac.com,Jay's Heating and Cooling,(919) 798-4455,,https://www.jaysraleighhvac.com/,direct
,,kristie@nationsrcm.com,Nations Roofing & Construction LLC,(813) 485-4440,Roofing,https://www.nationsroofingcompany.com/,direct
,,mailbox@nfoc.net,Neumann Construction and Roofing LLC.,(813) 782-9080,Roofing,https://neumann.construction/,direct
,,ovandoroofing@gmail.com,Ovando Roofing LLC,(407) 724-8717,Roofing,https://ovandoroofing.com/,direct
,,bradleymillerroofing@gmail.com,"QUALITY ROOFING, INC.",(813) 620-4797,Construction,https://www.qualityroofingfla.com/,direct
,,raysroofingcfl@yahoo.com,Ray's Roofing of Central Florida INC,(863) 967-3170,Roofing,https://raysroofing.wixsite.com/roofing,direct
,,jessica@schaperconstruction.com,"Schaper Construction, Roofing & Pools",(813) 782-0920,Roofing,https://schaperconstruction.com/,direct
,,kevin@skyviewroofingexperts.com,Skyview Roofing Experts LLC,(863) 282-5107,Roofing,https://skyviewroofingexperts.com/,direct
,,trroofingllc2021@gmail.com,TRROOFING LLC,(863) 557-8452,Roofing,https://www.trroofingllc.com/,direct
,,roofmonsters@icloud.com,Terrance McKeever Enterprises dba Roof Monsters,(727) 439-3869,Roofing,https://roofmonsters.co/,direct
,,verticalbuildersc@gmail.com,Vertical Builders and Commercial,(941) 877-2009,Roofing,https://www.verticalbuildersandcommercial.com/,direct
,,watcofl@aol.com,Watertite Roofing,(941) 483-4630,Roofing,https://www.watertiteroofing.com/,direct
,,info@allseasonsroofings.com,"All Seasons Roofing, Inc.",(813) 684-3698,Roofing,https://www.allseasonsroofings.com/,role
,,jobs@homeandroof.com,All Trades Roofing & Construction,(941) 518-5371,Roofing,https://www.alltradesfl.com/,role
,,info@americhoiceconstruction.com,Americhoice Construction Group LLC,(844) 987-6633,Roofing,https://americhoiceconstruction.com/,role
,,info@archroofingrepairs.com,Arch Roofing and Repairs,(727) 222-0939,Roofing,https://archroofingrepairs.com/,role
,,admin@backboneconstructionandroofing.com,Backbone Construction & Roofing,(813) 580-8611,Roofing,https://backbonefl.com/,role
,,info@baysideroofingpros.com,Bayside Roofing Professionals,(727) 844-7663,Roofing,https://baysideroofingpros.com/?utm_source=google_GMB&utm_medium=local&utm_campaign=gmb_listing&utm_content=website_click,role
,,info@bigtoprcp.com,Big Top Roofing and Construction Pros LLC,(844) 674-5030,Roofing,https://bigtoprcp.com/?utm_source=omg-gbp&utm_medium=webclick,role
,,contact@bluehorizonexteriors.com,Blue Horizon Exteriors,(941) 212-8121,Roofing,https://bluehorizonexteriors.com/,role
,,info@coastalroofingfla.com,Coastal Roofing & Construction LLC,(727) 761-1371,Roofing,https://coastalroofingfla.com/,role
,,help@colonyroofers.com,Colony Roofers,(813) 579-2468,Roofing,https://colonyroofers.com/,role
,,office@conwayroofing.com,Conway Roofing Company,(941) 219-6646,Roofing,https://www.conwayroofing.com/,role
,,info@duralastroofs.com,Duralast Roofing and Construction Largo FL,(727) 584-8400,Roofing,https://www.duralastroofs.com/,role
,,info@easeroofing.com,Ease Roofing,(863) 223-3900,Roofing,https://www.easeroofing.com/,role
,,info@happyroof.com,Happy Roof,(813) 595-7663,Roofing,https://www.happyroof.com/,role
,,info@hometownroofingandconstruction.com,Hometown Roofing & Construction | Tampa Bay Area,(813) 996-0772,Roofing,https://hometownroofingandconstruction.com/,role
,,info@jenkinsroofingtampa.com,Jenkins Roofing Tampa Inc.,(813) 321-3700,Roofing,https://jenkinsroofingtampa.com/,role
,,info@ballcontracting.com,Leaky Roof,(941) 806-7693,Roofing,https://44leaky.com/,role
,,support@lensroofing.com,Len's Roofing,(941) 896-7897,Roofing,https://lensroofing.com/,role
,,info@lightningfastroofing.com,Lightning Fast Roofing and Solar,(813) 375-2062,Roofing,https://lightningfastroofing.com/,role
,,office@olympusroofing.org,Olympus Roofing,(863) 232-6941,Roofing,https://olympusroofing.org/,role
,,hello@pitchroofing.com,PITCH Roofing,(727) 353-0503,Roofing,https://pitchroofing.com/?utm_source=google&utm_medium=gmb&utm_campaign=seminole,role
,,support@rigroofing.com,RIG Roofing of Lakeland,(863) 294-4477,Roofing,https://rigroofing.com/service-area/polk-county/lakeland,role
,,office@ridgemaxroofers.com,RidgeMax Roofing,(813) 578-4639,Roofing,https://ridgemaxroofers.com/,role
,,sales@roofsourceinc.com,RoofSource Inc.,(813) 374-0516,Roofing,https://www.roofsourceinc.com/,role
,,info@srqroof.com,SRQ Building Services,(941) 350-1854,Roofing,https://www.srqroof.com/,role
,,info@southshoreconstruction.com,South Shore Construction LLC,(813) 333-1222,Roofing,http://exceptionalconstruction.com/index.html,role
,,info@mastercraftroofing.com,Stonebrook Exterior,(941) 480-9700,Roofing,https://mastercraftroofing.com/,role
,,office@teamarmored.com,Team Armored Roofing & Construction,(727) 251-9288,Roofing,https://teamarmored.com/,role
,,info@eliteroofleakrepair.com,Temple Terrace Elite Roof Leak,(813) 303-0969,Roofing,https://eliteroofleakrepair.com/temple-terrace-elite-roof-leak/,role
,,info@thunderbay.solutions,Thunder Bay Home Solutions LLC,(813) 392-3313,Roofing,https://thunderbay.solutions/,role
,,info@shingleusa.com,U.S. Shingle & Metal,(727) 761-5200,Roofing,https://usshingleandmetal.com/,role
,,info@westsideroofingco.com,WEST SIDE ROOFING CO LLC,(727) 400-4033,Roofing,https://westsideroofingco.com/,role
,,info@callzeke.com,Zeke's Roofing Inc,(727) 777-5741,Roofing,https://zekesroofing.com/,role
,,info@zephyrhillsroofing.com,Zephyrhills Roofing,(813) 592-3740,Roofing,https://zephyrhillsroofing.com/,role
